{
  "results": {
    "hendrycksTest-abstract_algebra": {
      "acc": 0.35,
      "acc_stderr": 0.04793724854411021,
      "acc_norm": 0.35,
      "acc_norm_stderr": 0.04793724854411021
    },
    "hendrycksTest-anatomy": {
      "acc": 0.5851851851851851,
      "acc_stderr": 0.04256193767901408,
      "acc_norm": 0.5851851851851851,
      "acc_norm_stderr": 0.04256193767901408
    },
    "hendrycksTest-astronomy": {
      "acc": 0.631578947368421,
      "acc_stderr": 0.03925523381052932,
      "acc_norm": 0.631578947368421,
      "acc_norm_stderr": 0.03925523381052932
    },
    "hendrycksTest-business_ethics": {
      "acc": 0.59,
      "acc_stderr": 0.04943110704237102,
      "acc_norm": 0.59,
      "acc_norm_stderr": 0.04943110704237102
    },
    "hendrycksTest-clinical_knowledge": {
      "acc": 0.6716981132075471,
      "acc_stderr": 0.02890159361241178,
      "acc_norm": 0.6716981132075471,
      "acc_norm_stderr": 0.02890159361241178
    },
    "hendrycksTest-college_biology": {
      "acc": 0.6875,
      "acc_stderr": 0.038760854559127644,
      "acc_norm": 0.6875,
      "acc_norm_stderr": 0.038760854559127644
    },
    "hendrycksTest-college_chemistry": {
      "acc": 0.41,
      "acc_stderr": 0.04943110704237102,
      "acc_norm": 0.41,
      "acc_norm_stderr": 0.04943110704237102
    },
    "hendrycksTest-college_computer_science": {
      "acc": 0.48,
      "acc_stderr": 0.05021167315686779,
      "acc_norm": 0.48,
      "acc_norm_stderr": 0.05021167315686779
    },
    "hendrycksTest-college_mathematics": {
      "acc": 0.37,
      "acc_stderr": 0.048523658709391,
      "acc_norm": 0.37,
      "acc_norm_stderr": 0.048523658709391
    },
    "hendrycksTest-college_medicine": {
      "acc": 0.6127167630057804,
      "acc_stderr": 0.03714325906302065,
      "acc_norm": 0.6127167630057804,
      "acc_norm_stderr": 0.03714325906302065
    },
    "hendrycksTest-college_physics": {
      "acc": 0.4117647058823529,
      "acc_stderr": 0.04897104952726366,
      "acc_norm": 0.4117647058823529,
      "acc_norm_stderr": 0.04897104952726366
    },
    "hendrycksTest-computer_security": {
      "acc": 0.69,
      "acc_stderr": 0.04648231987117316,
      "acc_norm": 0.69,
      "acc_norm_stderr": 0.04648231987117316
    },
    "hendrycksTest-conceptual_physics": {
      "acc": 0.5446808510638298,
      "acc_stderr": 0.03255525359340355,
      "acc_norm": 0.5446808510638298,
      "acc_norm_stderr": 0.03255525359340355
    },
    "hendrycksTest-econometrics": {
      "acc": 0.42105263157894735,
      "acc_stderr": 0.046446020912223177,
      "acc_norm": 0.42105263157894735,
      "acc_norm_stderr": 0.046446020912223177
    },
    "hendrycksTest-electrical_engineering": {
      "acc": 0.6,
      "acc_stderr": 0.040824829046386284,
      "acc_norm": 0.6,
      "acc_norm_stderr": 0.040824829046386284
    },
    "hendrycksTest-elementary_mathematics": {
      "acc": 0.3941798941798942,
      "acc_stderr": 0.02516798233389414,
      "acc_norm": 0.3941798941798942,
      "acc_norm_stderr": 0.02516798233389414
    },
    "hendrycksTest-formal_logic": {
      "acc": 0.36507936507936506,
      "acc_stderr": 0.04306241259127153,
      "acc_norm": 0.36507936507936506,
      "acc_norm_stderr": 0.04306241259127153
    },
    "hendrycksTest-global_facts": {
      "acc": 0.36,
      "acc_stderr": 0.04824181513244218,
      "acc_norm": 0.36,
      "acc_norm_stderr": 0.04824181513244218
    },
    "hendrycksTest-high_school_biology": {
      "acc": 0.6838709677419355,
      "acc_stderr": 0.026450874489042767,
      "acc_norm": 0.6838709677419355,
      "acc_norm_stderr": 0.026450874489042767
    },
    "hendrycksTest-high_school_chemistry": {
      "acc": 0.4975369458128079,
      "acc_stderr": 0.03517945038691063,
      "acc_norm": 0.4975369458128079,
      "acc_norm_stderr": 0.03517945038691063
    },
    "hendrycksTest-high_school_computer_science": {
      "acc": 0.65,
      "acc_stderr": 0.047937248544110196,
      "acc_norm": 0.65,
      "acc_norm_stderr": 0.047937248544110196
    },
    "hendrycksTest-high_school_european_history": {
      "acc": 0.7454545454545455,
      "acc_stderr": 0.03401506715249039,
      "acc_norm": 0.7454545454545455,
      "acc_norm_stderr": 0.03401506715249039
    },
    "hendrycksTest-high_school_geography": {
      "acc": 0.7424242424242424,
      "acc_stderr": 0.03115626951964683,
      "acc_norm": 0.7424242424242424,
      "acc_norm_stderr": 0.03115626951964683
    },
    "hendrycksTest-high_school_government_and_politics": {
      "acc": 0.8549222797927462,
      "acc_stderr": 0.02541634309630644,
      "acc_norm": 0.8549222797927462,
      "acc_norm_stderr": 0.02541634309630644
    },
    "hendrycksTest-high_school_macroeconomics": {
      "acc": 0.5717948717948718,
      "acc_stderr": 0.025088301454694827,
      "acc_norm": 0.5717948717948718,
      "acc_norm_stderr": 0.025088301454694827
    },
    "hendrycksTest-high_school_mathematics": {
      "acc": 0.3333333333333333,
      "acc_stderr": 0.028742040903948475,
      "acc_norm": 0.3333333333333333,
      "acc_norm_stderr": 0.028742040903948475
    },
    "hendrycksTest-high_school_microeconomics": {
      "acc": 0.6554621848739496,
      "acc_stderr": 0.030868682604121626,
      "acc_norm": 0.6554621848739496,
      "acc_norm_stderr": 0.030868682604121626
    },
    "hendrycksTest-high_school_physics": {
      "acc": 0.33774834437086093,
      "acc_stderr": 0.0386155754625517,
      "acc_norm": 0.33774834437086093,
      "acc_norm_stderr": 0.0386155754625517
    },
    "hendrycksTest-high_school_psychology": {
      "acc": 0.7908256880733945,
      "acc_stderr": 0.017437937173343233,
      "acc_norm": 0.7908256880733945,
      "acc_norm_stderr": 0.017437937173343233
    },
    "hendrycksTest-high_school_statistics": {
      "acc": 0.4444444444444444,
      "acc_stderr": 0.03388857118502326,
      "acc_norm": 0.4444444444444444,
      "acc_norm_stderr": 0.03388857118502326
    },
    "hendrycksTest-high_school_us_history": {
      "acc": 0.7549019607843137,
      "acc_stderr": 0.03019028245350195,
      "acc_norm": 0.7549019607843137,
      "acc_norm_stderr": 0.03019028245350195
    },
    "hendrycksTest-high_school_world_history": {
      "acc": 0.7552742616033755,
      "acc_stderr": 0.027985699387036423,
      "acc_norm": 0.7552742616033755,
      "acc_norm_stderr": 0.027985699387036423
    },
    "hendrycksTest-human_aging": {
      "acc": 0.6143497757847534,
      "acc_stderr": 0.03266842214289201,
      "acc_norm": 0.6143497757847534,
      "acc_norm_stderr": 0.03266842214289201
    },
    "hendrycksTest-human_sexuality": {
      "acc": 0.7099236641221374,
      "acc_stderr": 0.03980066246467766,
      "acc_norm": 0.7099236641221374,
      "acc_norm_stderr": 0.03980066246467766
    },
    "hendrycksTest-international_law": {
      "acc": 0.8099173553719008,
      "acc_stderr": 0.035817969517092825,
      "acc_norm": 0.8099173553719008,
      "acc_norm_stderr": 0.035817969517092825
    },
    "hendrycksTest-jurisprudence": {
      "acc": 0.7592592592592593,
      "acc_stderr": 0.04133119440243839,
      "acc_norm": 0.7592592592592593,
      "acc_norm_stderr": 0.04133119440243839
    },
    "hendrycksTest-logical_fallacies": {
      "acc": 0.7668711656441718,
      "acc_stderr": 0.0332201579577674,
      "acc_norm": 0.7668711656441718,
      "acc_norm_stderr": 0.0332201579577674
    },
    "hendrycksTest-machine_learning": {
      "acc": 0.38392857142857145,
      "acc_stderr": 0.04616143075028547,
      "acc_norm": 0.38392857142857145,
      "acc_norm_stderr": 0.04616143075028547
    },
    "hendrycksTest-management": {
      "acc": 0.7475728155339806,
      "acc_stderr": 0.04301250399690879,
      "acc_norm": 0.7475728155339806,
      "acc_norm_stderr": 0.04301250399690879
    },
    "hendrycksTest-marketing": {
      "acc": 0.8504273504273504,
      "acc_stderr": 0.02336505149175371,
      "acc_norm": 0.8504273504273504,