{
  "results": {
    "hendrycksTest-abstract_algebra": {
      "acc": 0.28,
      "acc_stderr": 0.04512608598542128,
      "acc_norm": 0.28,
      "acc_norm_stderr": 0.04512608598542128
    },
    "hendrycksTest-anatomy": {
      "acc": 0.5333333333333333,
      "acc_stderr": 0.043097329010363554,
      "acc_norm": 0.5333333333333333,
      "acc_norm_stderr": 0.043097329010363554
    },
    "hendrycksTest-astronomy": {
      "acc": 0.6381578947368421,
      "acc_stderr": 0.03910525752849724,
      "acc_norm": 0.6381578947368421,
      "acc_norm_stderr": 0.03910525752849724
    },
    "hendrycksTest-business_ethics": {
      "acc": 0.57,
      "acc_stderr": 0.04975698519562428,
      "acc_norm": 0.57,
      "acc_norm_stderr": 0.04975698519562428
    },
    "hendrycksTest-clinical_knowledge": {
      "acc": 0.6,
      "acc_stderr": 0.030151134457776292,
      "acc_norm": 0.6,
      "acc_norm_stderr": 0.030151134457776292
    },
    "hendrycksTest-college_biology": {
      "acc": 0.6875,
      "acc_stderr": 0.038760854559127644,
      "acc_norm": 0.6875,
      "acc_norm_stderr": 0.038760854559127644
    },
    "hendrycksTest-college_chemistry": {
      "acc": 0.39,
      "acc_stderr": 0.04902071300001975,
      "acc_norm": 0.39,
      "acc_norm_stderr": 0.04902071300001975
    },
    "hendrycksTest-college_computer_science": {
      "acc": 0.52,
      "acc_stderr": 0.050211673156867795,
      "acc_norm": 0.52,
      "acc_norm_stderr": 0.050211673156867795
    },
    "hendrycksTest-college_mathematics": {
      "acc": 0.34,
      "acc_stderr": 0.04760952285695235,
      "acc_norm": 0.34,
      "acc_norm_stderr": 0.04760952285695235
    },
    "hendrycksTest-college_medicine": {
      "acc": 0.5780346820809249,
      "acc_stderr": 0.03765746693865151,
      "acc_norm": 0.5780346820809249,
      "acc_norm_stderr": 0.03765746693865151
    },
    "hendrycksTest-college_physics": {
      "acc": 0.3333333333333333,
      "acc_stderr": 0.04690650298201943,
      "acc_norm": 0.3333333333333333,
      "acc_norm_stderr": 0.04690650298201943
    },
    "hendrycksTest-computer_security": {
      "acc": 0.73,
      "acc_stderr": 0.04461960433384739,
      "acc_norm": 0.73,
      "acc_norm_stderr": 0.04461960433384739
    },
    "hendrycksTest-conceptual_physics": {
      "acc": 0.4723404255319149,
      "acc_stderr": 0.03263597118409769,
      "acc_norm": 0.4723404255319149,
      "acc_norm_stderr": 0.03263597118409769
    },
    "hendrycksTest-econometrics": {
      "acc": 0.45614035087719296,
      "acc_stderr": 0.046854730419077895,
      "acc_norm": 0.45614035087719296,
      "acc_norm_stderr": 0.046854730419077895
    },
    "hendrycksTest-electrical_engineering": {
      "acc": 0.5172413793103449,
      "acc_stderr": 0.04164188720169375,
      "acc_norm": 0.5172413793103449,
      "acc_norm_stderr": 0.04164188720169375
    },
    "hendrycksTest-elementary_mathematics": {
      "acc": 0.3941798941798942,
      "acc_stderr": 0.02516798233389414,
      "acc_norm": 0.3941798941798942,
      "acc_norm_stderr": 0.02516798233389414
    },
    "hendrycksTest-formal_logic": {
      "acc": 0.46825396825396826,
      "acc_stderr": 0.04463112720677172,
      "acc_norm": 0.46825396825396826,
      "acc_norm_stderr": 0.04463112720677172
    },
    "hendrycksTest-global_facts": {
      "acc": 0.27,
      "acc_stderr": 0.044619604333847394,
      "acc_norm": 0.27,
      "acc_norm_stderr": 0.044619604333847394
    },
    "hendrycksTest-high_school_biology": {
      "acc": 0.7225806451612903,
      "acc_stderr": 0.025470196835900055,
      "acc_norm": 0.7225806451612903,
      "acc_norm_stderr": 0.025470196835900055
    },
    "hendrycksTest-high_school_chemistry": {
      "acc": 0.4729064039408867,
      "acc_stderr": 0.03512819077876106,
      "acc_norm": 0.4729064039408867,
      "acc_norm_stderr": 0.03512819077876106
    },
    "hendrycksTest-high_school_computer_science": {
      "acc": 0.68,
      "acc_stderr": 0.046882617226215034,
      "acc_norm": 0.68,
      "acc_norm_stderr": 0.046882617226215034
    },
    "hendrycksTest-high_school_european_history": {
      "acc": 0.7636363636363637,
      "acc_stderr": 0.033175059300091826,
      "acc_norm": 0.7636363636363637,
      "acc_norm_stderr": 0.033175059300091826
    },
    "hendrycksTest-high_school_geography": {
      "acc": 0.7373737373737373,
      "acc_stderr": 0.03135305009533086,
      "acc_norm": 0.7373737373737373,
      "acc_norm_stderr": 0.03135305009533086
    },
    "hendrycksTest-high_school_government_and_politics": {
      "acc": 0.8290155440414507,
      "acc_stderr": 0.02717121368316455,
      "acc_norm": 0.8290155440414507,
      "acc_norm_stderr": 0.02717121368316455
    },
    "hendrycksTest-high_school_macroeconomics": {
      "acc": 0.5487179487179488,
      "acc_stderr": 0.025230381238934837,
      "acc_norm": 0.5487179487179488,
      "acc_norm_stderr": 0.025230381238934837
    },
    "hendrycksTest-high_school_mathematics": {
      "acc": 0.3037037037037037,
      "acc_stderr": 0.02803792996911499,
      "acc_norm": 0.3037037037037037,
      "acc_norm_stderr": 0.02803792996911499
    },
    "hendrycksTest-high_school_microeconomics": {
      "acc": 0.6428571428571429,
      "acc_stderr": 0.031124619309328177,
      "acc_norm": 0.6428571428571429,
      "acc_norm_stderr": 0.031124619309328177
    },
    "hendrycksTest-high_school_physics": {
      "acc": 0.2980132450331126,
      "acc_stderr": 0.037345356767871984,
      "acc_norm": 0.2980132450331126,
      "acc_norm_stderr": 0.037345356767871984
    },
    "hendrycksTest-high_school_psychology": {
      "acc": 0.8091743119266055,
      "acc_stderr": 0.016847676400091098,
      "acc_norm": 0.8091743119266055,
      "acc_norm_stderr": 0.016847676400091098
    },
    "hendrycksTest-high_school_statistics": {
      "acc": 0.35648148148148145,
      "acc_stderr": 0.03266478331527272,
      "acc_norm": 0.35648148148148145,
      "acc_norm_stderr": 0.03266478331527272
    },
    "hendrycksTest-high_school_us_history": {
      "acc": 0.7647058823529411,
      "acc_stderr": 0.029771775228145638,
      "acc_norm": 0.7647058823529411,
      "acc_norm_stderr": 0.029771775228145638
    },
    "hendrycksTest-high_school_world_history": {
      "acc": 0.7848101265822784,
      "acc_stderr": 0.026750826994676177,
      "acc_norm": 0.7848101265822784,
      "acc_norm_stderr": 0.026750826994676177
    },
    "hendrycksTest-human_aging": {
      "acc": 0.6233183856502242,
      "acc_stderr": 0.032521134899291884,
      "acc_norm": 0.6233183856502242,
      "acc_norm_stderr": 0.032521134899291884
    },
    "hendrycksTest-human_sexuality": {
      "acc": 0.6717557251908397,
      "acc_stderr": 0.041184385658062976,
      "acc_norm": 0.6717557251908397,
      "acc_norm_stderr": 0.041184385658062976
    },
    "hendrycksTest-international_law": {
      "acc": 0.6611570247933884,
      "acc_stderr": 0.043207678075366705,
      "acc_norm": 0.6611570247933884,
      "acc_norm_stderr": 0.043207678075366705
    },
    "hendrycksTest-jurisprudence": {
      "acc": 0.6944444444444444,
      "acc_stderr": 0.044531975073749834,
      "acc_norm": 0.6944444444444444,
      "acc_norm_stderr": 0.044531975073749834
    },
    "hendrycksTest-logical_fallacies": {
      "acc": 0.7423312883435583,
      "acc_stderr": 0.03436150827846917,
      "acc_norm": 0.7423312883435583,
      "acc_norm_stderr": 0.03436150827846917
    },
    "hendrycksTest-machine_learning": {
      "acc": 0.5357142857142857,
      "acc_stderr": 0.04733667890053756,
      "acc_norm": 0.5357142857142857,
      "acc_norm_stderr": 0.04733667890053756
    },
    "hendrycksTest-management": {
      "acc": 0.7281553398058253,
      "acc_stderr": 0.044052680241409216,
      "acc_norm": 0.7281553398058253,
      "acc_norm_stderr": 0.044052680241409216
    },
    "hendrycksTest-marketing": {
      "acc": 0.8205128205128205,
      "acc_stderr": 0.025140935950335435,
      "acc_norm": 0.8205128205128205,