{
  "results": {
    "hendrycksTest-abstract_algebra": {
      "acc": 0.24,
      "acc_stderr": 0.04292346959909281,
      "acc_norm": 0.24,
      "acc_norm_stderr": 0.04292346959909281
    },
    "hendrycksTest-anatomy": {
      "acc": 0.45925925925925926,
      "acc_stderr": 0.04304979692464243,
      "acc_norm": 0.45925925925925926,
      "acc_norm_stderr": 0.04304979692464243
    },
    "hendrycksTest-astronomy": {
      "acc": 0.4934210526315789,
      "acc_stderr": 0.040685900502249704,
      "acc_norm": 0.4934210526315789,
      "acc_norm_stderr": 0.040685900502249704
    },
    "hendrycksTest-business_ethics": {
      "acc": 0.55,
      "acc_stderr": 0.049999999999999996,
      "acc_norm": 0.55,
      "acc_norm_stderr": 0.049999999999999996
    },
    "hendrycksTest-clinical_knowledge": {
      "acc": 0.5094339622641509,
      "acc_stderr": 0.0307673947078081,
      "acc_norm": 0.5094339622641509,
      "acc_norm_stderr": 0.0307673947078081
    },
    "hendrycksTest-college_biology": {
      "acc": 0.4861111111111111,
      "acc_stderr": 0.04179596617581,
      "acc_norm": 0.4861111111111111,
      "acc_norm_stderr": 0.04179596617581
    },
    "hendrycksTest-college_chemistry": {
      "acc": 0.35,
      "acc_stderr": 0.0479372485441102,
      "acc_norm": 0.35,
      "acc_norm_stderr": 0.0479372485441102
    },
    "hendrycksTest-college_computer_science": {
      "acc": 0.43,
      "acc_stderr": 0.049756985195624284,
      "acc_norm": 0.43,
      "acc_norm_stderr": 0.049756985195624284
    },
    "hendrycksTest-college_mathematics": {
      "acc": 0.36,
      "acc_stderr": 0.048241815132442176,
      "acc_norm": 0.36,
      "acc_norm_stderr": 0.048241815132442176
    },
    "hendrycksTest-college_medicine": {
      "acc": 0.44508670520231214,
      "acc_stderr": 0.03789401760283647,
      "acc_norm": 0.44508670520231214,
      "acc_norm_stderr": 0.03789401760283647
    },
    "hendrycksTest-college_physics": {
      "acc": 0.2647058823529412,
      "acc_stderr": 0.04389869956808779,
      "acc_norm": 0.2647058823529412,
      "acc_norm_stderr": 0.04389869956808779
    },
    "hendrycksTest-computer_security": {
      "acc": 0.58,
      "acc_stderr": 0.049604496374885836,
      "acc_norm": 0.58,
      "acc_norm_stderr": 0.049604496374885836
    },
    "hendrycksTest-conceptual_physics": {
      "acc": 0.3617021276595745,
      "acc_stderr": 0.0314108219759624,
      "acc_norm": 0.3617021276595745,
      "acc_norm_stderr": 0.0314108219759624
    },
    "hendrycksTest-econometrics": {
      "acc": 0.2982456140350877,
      "acc_stderr": 0.04303684033537314,
      "acc_norm": 0.2982456140350877,
      "acc_norm_stderr": 0.04303684033537314
    },
    "hendrycksTest-electrical_engineering": {
      "acc": 0.4206896551724138,
      "acc_stderr": 0.0411391498118926,
      "acc_norm": 0.4206896551724138,
      "acc_norm_stderr": 0.0411391498118926
    },
    "hendrycksTest-elementary_mathematics": {
      "acc": 0.3386243386243386,
      "acc_stderr": 0.02437319786798307,
      "acc_norm": 0.3386243386243386,
      "acc_norm_stderr": 0.02437319786798307
    },
    "hendrycksTest-formal_logic": {
      "acc": 0.31746031746031744,
      "acc_stderr": 0.04163453031302859,
      "acc_norm": 0.31746031746031744,
      "acc_norm_stderr": 0.04163453031302859
    },
    "hendrycksTest-global_facts": {
      "acc": 0.36,
      "acc_stderr": 0.04824181513244218,
      "acc_norm": 0.36,
      "acc_norm_stderr": 0.04824181513244218
    },
    "hendrycksTest-high_school_biology": {
      "acc": 0.5419354838709678,
      "acc_stderr": 0.028343787250540632,
      "acc_norm": 0.5419354838709678,
      "acc_norm_stderr": 0.028343787250540632
    },
    "hendrycksTest-high_school_chemistry": {
      "acc": 0.4039408866995074,
      "acc_stderr": 0.03452453903822039,
      "acc_norm": 0.4039408866995074,
      "acc_norm_stderr": 0.03452453903822039
    },
    "hendrycksTest-high_school_computer_science": {
      "acc": 0.44,
      "acc_stderr": 0.04988876515698589,
      "acc_norm": 0.44,
      "acc_norm_stderr": 0.04988876515698589
    },
    "hendrycksTest-high_school_european_history": {
      "acc": 0.6060606060606061,
      "acc_stderr": 0.0381549430868893,
      "acc_norm": 0.6060606060606061,
      "acc_norm_stderr": 0.0381549430868893
    },
    "hendrycksTest-high_school_geography": {
      "acc": 0.5505050505050505,
      "acc_stderr": 0.035441324919479704,
      "acc_norm": 0.5505050505050505,
      "acc_norm_stderr": 0.035441324919479704
    },
    "hendrycksTest-high_school_government_and_politics": {
      "acc": 0.5958549222797928,
      "acc_stderr": 0.0354150857888402,
      "acc_norm": 0.5958549222797928,
      "acc_norm_stderr": 0.0354150857888402
    },
    "hendrycksTest-high_school_macroeconomics": {
      "acc": 0.4230769230769231,
      "acc_stderr": 0.025049197876042338,
      "acc_norm": 0.4230769230769231,
      "acc_norm_stderr": 0.025049197876042338
    },
    "hendrycksTest-high_school_mathematics": {
      "acc": 0.27037037037037037,
      "acc_stderr": 0.02708037281514566,
      "acc_norm": 0.27037037037037037,
      "acc_norm_stderr": 0.02708037281514566
    },
    "hendrycksTest-high_school_microeconomics": {
      "acc": 0.4579831932773109,
      "acc_stderr": 0.03236361111951941,
      "acc_norm": 0.4579831932773109,
      "acc_norm_stderr": 0.03236361111951941
    },
    "hendrycksTest-high_school_physics": {
      "acc": 0.31125827814569534,
      "acc_stderr": 0.03780445850526733,
      "acc_norm": 0.31125827814569534,
      "acc_norm_stderr": 0.03780445850526733
    },
    "hendrycksTest-high_school_psychology": {
      "acc": 0.6678899082568808,
      "acc_stderr": 0.020192682985423333,
      "acc_norm": 0.6678899082568808,
      "acc_norm_stderr": 0.020192682985423333
    },
    "hendrycksTest-high_school_statistics": {
      "acc": 0.38425925925925924,
      "acc_stderr": 0.03317354514310742,
      "acc_norm": 0.38425925925925924,
      "acc_norm_stderr": 0.03317354514310742
    },
    "hendrycksTest-high_school_us_history": {
      "acc": 0.5441176470588235,
      "acc_stderr": 0.034956245220154766,
      "acc_norm": 0.5441176470588235,
      "acc_norm_stderr": 0.034956245220154766
    },
    "hendrycksTest-high_school_world_history": {
      "acc": 0.6624472573839663,
      "acc_stderr": 0.03078154910202622,
      "acc_norm": 0.6624472573839663,
      "acc_norm_stderr": 0.03078154910202622
    },
    "hendrycksTest-human_aging": {
      "acc": 0.49327354260089684,
      "acc_stderr": 0.03355476596234354,
      "acc_norm": 0.49327354260089684,
      "acc_norm_stderr": 0.03355476596234354
    },
    "hendrycksTest-human_sexuality": {
      "acc": 0.5114503816793893,
      "acc_stderr": 0.043841400240780176,
      "acc_norm": 0.5114503816793893,
      "acc_norm_stderr": 0.043841400240780176
    },
    "hendrycksTest-international_law": {
      "acc": 0.5867768595041323,
      "acc_stderr": 0.04495087843548408,
      "acc_norm": 0.5867768595041323,
      "acc_norm_stderr": 0.04495087843548408
    },
    "hendrycksTest-jurisprudence": {
      "acc": 0.5092592592592593,
      "acc_stderr": 0.04832853553437056,
      "acc_norm": 0.5092592592592593,
      "acc_norm_stderr": 0.04832853553437056
    },
    "hendrycksTest-logical_fallacies": {
      "acc": 0.5460122699386503,
      "acc_stderr": 0.0391170190467718,
      "acc_norm": 0.5460122699386503,
      "acc_norm_stderr": 0.0391170190467718
    },
    "hendrycksTest-machine_learning": {
      "acc": 0.39285714285714285,
      "acc_stderr": 0.04635550135609976,
      "acc_norm": 0.39285714285714285,
      "acc_norm_stderr": 0.04635550135609976
    },
    "hendrycksTest-management": {
      "acc": 0.6699029126213593,
      "acc_stderr": 0.046561471100123514,
      "acc_norm": 0.6699029126213593,
      "acc_norm_stderr": 0.046561471100123514
    },
    "hendrycksTest-marketing": {
      "acc": 0.717948717948718,
      "acc_stderr": 0.029480360549541194,