{
  "results": {
    "hendrycksTest-abstract_algebra": {
      "acc": 0.26,
      "acc_stderr": 0.044084400227680794,
      "acc_norm": 0.26,
      "acc_norm_stderr": 0.044084400227680794
    },
    "hendrycksTest-anatomy": {
      "acc": 0.4666666666666667,
      "acc_stderr": 0.043097329010363554,
      "acc_norm": 0.4666666666666667,
      "acc_norm_stderr": 0.043097329010363554
    },
    "hendrycksTest-astronomy": {
      "acc": 0.4868421052631579,
      "acc_stderr": 0.04067533136309173,
      "acc_norm": 0.4868421052631579,
      "acc_norm_stderr": 0.04067533136309173
    },
    "hendrycksTest-business_ethics": {
      "acc": 0.51,
      "acc_stderr": 0.05024183937956912,
      "acc_norm": 0.51,
      "acc_norm_stderr": 0.05024183937956912
    },
    "hendrycksTest-clinical_knowledge": {
      "acc": 0.4981132075471698,
      "acc_stderr": 0.03077265364207567,
      "acc_norm": 0.4981132075471698,
      "acc_norm_stderr": 0.03077265364207567
    },
    "hendrycksTest-college_biology": {
      "acc": 0.4791666666666667,
      "acc_stderr": 0.041775789507399935,
      "acc_norm": 0.4791666666666667,
      "acc_norm_stderr": 0.041775789507399935
    },
    "hendrycksTest-college_chemistry": {
      "acc": 0.34,
      "acc_stderr": 0.04760952285695236,
      "acc_norm": 0.34,
      "acc_norm_stderr": 0.04760952285695236
    },
    "hendrycksTest-college_computer_science": {
      "acc": 0.44,
      "acc_stderr": 0.04988876515698589,
      "acc_norm": 0.44,
      "acc_norm_stderr": 0.04988876515698589
    },
    "hendrycksTest-college_mathematics": {
      "acc": 0.34,
      "acc_stderr": 0.04760952285695235,
      "acc_norm": 0.34,
      "acc_norm_stderr": 0.04760952285695235
    },
    "hendrycksTest-college_medicine": {
      "acc": 0.4508670520231214,
      "acc_stderr": 0.037940126746970296,
      "acc_norm": 0.4508670520231214,
      "acc_norm_stderr": 0.037940126746970296
    },
    "hendrycksTest-college_physics": {
      "acc": 0.27450980392156865,
      "acc_stderr": 0.044405219061793254,
      "acc_norm": 0.27450980392156865,
      "acc_norm_stderr": 0.044405219061793254
    },
    "hendrycksTest-computer_security": {
      "acc": 0.56,
      "acc_stderr": 0.04988876515698589,
      "acc_norm": 0.56,
      "acc_norm_stderr": 0.04988876515698589
    },
    "hendrycksTest-conceptual_physics": {
      "acc": 0.3659574468085106,
      "acc_stderr": 0.0314895582974553,
      "acc_norm": 0.3659574468085106,
      "acc_norm_stderr": 0.0314895582974553
    },
    "hendrycksTest-econometrics": {
      "acc": 0.30701754385964913,
      "acc_stderr": 0.043391383225798615,
      "acc_norm": 0.30701754385964913,
      "acc_norm_stderr": 0.043391383225798615
    },
    "hendrycksTest-electrical_engineering": {
      "acc": 0.41379310344827586,
      "acc_stderr": 0.04104269211806232,
      "acc_norm": 0.41379310344827586,
      "acc_norm_stderr": 0.04104269211806232
    },
    "hendrycksTest-elementary_mathematics": {
      "acc": 0.3148148148148148,
      "acc_stderr": 0.023919984164047732,
      "acc_norm": 0.3148148148148148,
      "acc_norm_stderr": 0.023919984164047732
    },
    "hendrycksTest-formal_logic": {
      "acc": 0.30158730158730157,
      "acc_stderr": 0.04104947269903394,
      "acc_norm": 0.30158730158730157,
      "acc_norm_stderr": 0.04104947269903394
    },
    "hendrycksTest-global_facts": {
      "acc": 0.36,
      "acc_stderr": 0.04824181513244218,
      "acc_norm": 0.36,
      "acc_norm_stderr": 0.04824181513244218
    },
    "hendrycksTest-high_school_biology": {
      "acc": 0.5645161290322581,
      "acc_stderr": 0.02820622559150274,
      "acc_norm": 0.5645161290322581,
      "acc_norm_stderr": 0.02820622559150274
    },
    "hendrycksTest-high_school_chemistry": {
      "acc": 0.4088669950738916,
      "acc_stderr": 0.034590588158832314,
      "acc_norm": 0.4088669950738916,
      "acc_norm_stderr": 0.034590588158832314
    },
    "hendrycksTest-high_school_computer_science": {
      "acc": 0.46,
      "acc_stderr": 0.05009082659620333,
      "acc_norm": 0.46,
      "acc_norm_stderr": 0.05009082659620333
    },
    "hendrycksTest-high_school_european_history": {
      "acc": 0.5636363636363636,
      "acc_stderr": 0.03872592983524754,
      "acc_norm": 0.5636363636363636,
      "acc_norm_stderr": 0.03872592983524754
    },
    "hendrycksTest-high_school_geography": {
      "acc": 0.5555555555555556,
      "acc_stderr": 0.035402943770953675,
      "acc_norm": 0.5555555555555556,
      "acc_norm_stderr": 0.035402943770953675
    },
    "hendrycksTest-high_school_government_and_politics": {
      "acc": 0.6113989637305699,
      "acc_stderr": 0.03517739796373133,
      "acc_norm": 0.6113989637305699,
      "acc_norm_stderr": 0.03517739796373133
    },
    "hendrycksTest-high_school_macroeconomics": {
      "acc": 0.4153846153846154,
      "acc_stderr": 0.02498535492310233,
      "acc_norm": 0.4153846153846154,
      "acc_norm_stderr": 0.02498535492310233
    },
    "hendrycksTest-high_school_mathematics": {
      "acc": 0.2740740740740741,
      "acc_stderr": 0.027195934804085626,
      "acc_norm": 0.2740740740740741,
      "acc_norm_stderr": 0.027195934804085626
    },
    "hendrycksTest-high_school_microeconomics": {
      "acc": 0.4495798319327731,
      "acc_stderr": 0.03231293497137707,
      "acc_norm": 0.4495798319327731,
      "acc_norm_stderr": 0.03231293497137707
    },
    "hendrycksTest-high_school_physics": {
      "acc": 0.2913907284768212,
      "acc_stderr": 0.037101857261199946,
      "acc_norm": 0.2913907284768212,
      "acc_norm_stderr": 0.037101857261199946
    },
    "hendrycksTest-high_school_psychology": {
      "acc": 0.655045871559633,
      "acc_stderr": 0.020380605405066952,
      "acc_norm": 0.655045871559633,
      "acc_norm_stderr": 0.020380605405066952
    },
    "hendrycksTest-high_school_statistics": {
      "acc": 0.3611111111111111,
      "acc_stderr": 0.032757734861009996,
      "acc_norm": 0.3611111111111111,
      "acc_norm_stderr": 0.032757734861009996
    },
    "hendrycksTest-high_school_us_history": {
      "acc": 0.5392156862745098,
      "acc_stderr": 0.03498501649369527,
      "acc_norm": 0.5392156862745098,
      "acc_norm_stderr": 0.03498501649369527
    },
    "hendrycksTest-high_school_world_history": {
      "acc": 0.6540084388185654,
      "acc_stderr": 0.03096481058878671,
      "acc_norm": 0.6540084388185654,
      "acc_norm_stderr": 0.03096481058878671
    },
    "hendrycksTest-human_aging": {
      "acc": 0.484304932735426,
      "acc_stderr": 0.0335412657542081,
      "acc_norm": 0.484304932735426,
      "acc_norm_stderr": 0.0335412657542081
    },
    "hendrycksTest-human_sexuality": {
      "acc": 0.5114503816793893,
      "acc_stderr": 0.043841400240780176,
      "acc_norm": 0.5114503816793893,
      "acc_norm_stderr": 0.043841400240780176
    },
    "hendrycksTest-international_law": {
      "acc": 0.5702479338842975,
      "acc_stderr": 0.04519082021319772,
      "acc_norm": 0.5702479338842975,
      "acc_norm_stderr": 0.04519082021319772
    },
    "hendrycksTest-jurisprudence": {
      "acc": 0.5185185185185185,
      "acc_stderr": 0.04830366024635331,
      "acc_norm": 0.5185185185185185,
      "acc_norm_stderr": 0.04830366024635331
    },
    "hendrycksTest-logical_fallacies": {
      "acc": 0.5276073619631901,
      "acc_stderr": 0.0392237829061099,
      "acc_norm": 0.5276073619631901,
      "acc_norm_stderr": 0.0392237829061099
    },
    "hendrycksTest-machine_learning": {
      "acc": 0.38392857142857145,
      "acc_stderr": 0.04616143075028547,
      "acc_norm": 0.38392857142857145,
      "acc_norm_stderr": 0.04616143075028547
    },
    "hendrycksTest-management": {
      "acc": 0.6699029126213593,
      "acc_stderr": 0.046561471100123514,
      "acc_norm": 0.6699029126213593,
      "acc_norm_stderr": 0.046561471100123514
    },
    "hendrycksTest-marketing": {
      "acc": 0.717948717948718,
      "acc_stderr": 0.029480360549541194,